filename,class,pigmentation_percentage
Nevus__ISIC_0000007.png,Nevus,91.79
Normal Skin__normal_-79-_jpg.rf.22f2ad87b72f8a8356e0231efca8afc2.png,Normal Skin,86.63
Nevus__ISIC_0000006.png,Nevus,83.32
Ringworm__0_FU-ringworm-38-_jpg.rf.2d5e3cf61e785a4d30482f012d3a944b.png,Ringworm,79.5
Pigmented Benign Keratosis__ISIC_0024324.png,Pigmented Benign Keratosis,79.23
Nevus__ISIC_0000016.png,Nevus,75.72
Dyshidrotic Eczema__candidiasis-large-skin-folds-107.png,Dyshidrotic Eczema,75.58
Pigmented Benign Keratosis__ISIC_0025066.png,Pigmented Benign Keratosis,75.44
Pigmented Benign Keratosis__ISIC_0026444.png,Pigmented Benign Keratosis,73.37
Dermato Fibroma__ISIC_0011677.png,Dermato Fibroma,73.18
Melanoma__ISIC_0000004.png,Melanoma,70.62
Pigmented Benign Keratosis__ISIC_0025374.png,Pigmented Benign Keratosis,67.29
Melanoma__ISIC_0029033.png,Melanoma,65.22
Actinic Keratosis__ISIC_0025605.png,Actinic Keratosis,65.2
Melanoma__ISIC_0000002.png,Melanoma,64.66
Nevus__ISIC_0000010.png,Nevus,64.31
Actinic Keratosis__ISIC_0024646.png,Actinic Keratosis,64.07
Pigmented Benign Keratosis__ISIC_0024312.png,Pigmented Benign Keratosis,63.8
Actinic Keratosis__ISIC_0029715.png,Actinic Keratosis,63.28
Ringworm__7_FU-ringworm-16-_jpg.rf.f27da2407391d57c89c6fe4a76e8551f.png,Ringworm,63.0
Nail Fungus__Image_12_jpg.rf.c8c22e50bb1fb5d95430d497ace47899.png,Nail Fungus,62.95
Pigmented Benign Keratosis__ISIC_0024381.png,Pigmented Benign Keratosis,61.14
Normal Skin__normal_-144-_jpg.rf.4c617de578fad1db8b767dbfb8f7c0b9.png,Normal Skin,61.14
Melanoma__ISIC_0000036.png,Melanoma,60.17
Melanoma__ISIC_0000035.png,Melanoma,59.74
Pigmented Benign Keratosis__ISIC_0024786.png,Pigmented Benign Keratosis,58.09
Dyshidrotic Eczema__13Candida040702.png,Dyshidrotic Eczema,57.9
Actinic Keratosis__ISIC_0025264.png,Actinic Keratosis,56.56
Nevus__ISIC_0000001.png,Nevus,56.08
Melanoma__ISIC_0000029.png,Melanoma,54.19
Basal Cell Carcinoma__ISIC_0024448.png,Basal Cell Carcinoma,53.65
Actinic Keratosis__ISIC_0010889.png,Actinic Keratosis,52.98
Melanoma__ISIC_0025394.png,Melanoma,51.99
Melanoma__ISIC_0000046.png,Melanoma,51.7
Nevus__ISIC_0000008.png,Nevus,51.47
Melanoma__ISIC_0000030.png,Melanoma,50.45
Pigmented Benign Keratosis__ISIC_0026298.png,Pigmented Benign Keratosis,50.38
Normal Skin__normal_-10-_jpg.rf.1fb0e7c97eb766cae5d9568e6c0fab52.png,Normal Skin,49.52
Nail Fungus___17_6965_jpg.rf.1ca0c38aa6ae8ff9e856fd71f37f0d01.png,Nail Fungus,49.43
Pigmented Benign Keratosis__ISIC_0024336.png,Pigmented Benign Keratosis,49.32
Pigmented Benign Keratosis__ISIC_0024726.png,Pigmented Benign Keratosis,48.88
Nevus__ISIC_0000003.png,Nevus,48.8
Nevus__ISIC_0000000.png,Nevus,48.14
Melanoma__ISIC_0000043.png,Melanoma,47.79
Squamous Cell Carcinoma__ISIC_0024539.png,Squamous Cell Carcinoma,46.43
Actinic Keratosis__ISIC_0031927.png,Actinic Keratosis,46.19
Squamous Cell Carcinoma__ISIC_0012079.png,Squamous Cell Carcinoma,46.16
Dyshidrotic Eczema__actinomycosis-1.png,Dyshidrotic Eczema,46.15
Dyshidrotic Eczema__candidiasis-large-skin-folds-115.png,Dyshidrotic Eczema,46.08
Dyshidrotic Eczema__candida-penis-53.png,Dyshidrotic Eczema,46.03
Nevus__ISIC_0000009.png,Nevus,45.76
Chickenpox__156_VI-chickenpox-9-_jpg.rf.f7191d4c34895dbafda1a247ff042584.png,Chickenpox,44.9
Nevus__ISIC_0000015.png,Nevus,44.26
Normal Skin__normal_-145-_jpg.rf.913c556b0d9426633458649c8551c100.png,Normal Skin,44.21
Nevus__ISIC_0024480.png,Nevus,43.97
Normal Skin__normal_-203-_jpg.rf.92cc27d447689902ab7b60048474e326.png,Normal Skin,43.31
Melanoma__ISIC_0000013.png,Melanoma,43.14
Normal Skin__normal_-138-_jpg.rf.245e3c9b3b93574f982953c0cf272018.png,Normal Skin,43.05
Acne__2 (53)1 - Copy.png,Acne,42.8
Acne__2 (53)1.png,Acne,42.8
Pigmented Benign Keratosis__ISIC_0026441.png,Pigmented Benign Keratosis,42.47
Pigmented Benign Keratosis__ISIC_0024851.png,Pigmented Benign Keratosis,42.18
Actinic Keratosis__ISIC_0029133.png,Actinic Keratosis,41.94
Normal Skin__normal_-47-_jpg.rf.be1c70ea35e46ebe83ff24c30dba9162.png,Normal Skin,41.87
Acne__2 (53).png,Acne,41.61
Melanoma__ISIC_0000026.png,Melanoma,41.31
Dyshidrotic Eczema__candida-penis-33.png,Dyshidrotic Eczema,40.62
Dyshidrotic Eczema__candida-penis-1.png,Dyshidrotic Eczema,40.36
Normal Skin__normal_-164-_jpg.rf.5b587ccc8ab92c23c64430d420778911.png,Normal Skin,40.13
Dyshidrotic Eczema__candidiasis-large-skin-folds-152.png,Dyshidrotic Eczema,40.1
Chickenpox__62_VI-chickenpox-19-_jpg.rf.8c6524826ae1e7d87afdd8bc7510b981.png,Chickenpox,39.32
Dermato Fibroma__ISIC_0024386.png,Dermato Fibroma,39.29
Dyshidrotic Eczema__13candidaTongue082205.png,Dyshidrotic Eczema,39.26
Dyshidrotic Eczema__13Candida040704.png,Dyshidrotic Eczema,38.43
Dyshidrotic Eczema__candida-groin-4.png,Dyshidrotic Eczema,38.14
Nevus__ISIC_0000014.png,Nevus,38.05
Pigmented Benign Keratosis__ISIC_0024420.png,Pigmented Benign Keratosis,37.94
Chickenpox__65_VI-chickenpox-14-_jpg.rf.a002801300e02e45240e6b014029b6b9.png,Chickenpox,37.2
Dyshidrotic Eczema__candidiasis-large-skin-folds-121.png,Dyshidrotic Eczema,37.08
Acne__Acne-cyst-1-150x150.png,Acne,36.97
Pigmented Benign Keratosis__ISIC_0026614.png,Pigmented Benign Keratosis,36.62
Dyshidrotic Eczema__13TineaIncognito2.png,Dyshidrotic Eczema,36.29
Nevus__ISIC_0000018.png,Nevus,36.14
Nevus__ISIC_0024464.png,Nevus,35.97
Basal Cell Carcinoma__ISIC_0029680.png,Basal Cell Carcinoma,35.81
Pigmented Benign Keratosis__ISIC_0025838.png,Pigmented Benign Keratosis,35.77
Dyshidrotic Eczema__candida-groin-1.png,Dyshidrotic Eczema,35.71
Dyshidrotic Eczema__candidiasis-large-skin-folds-106.png,Dyshidrotic Eczema,35.47
Dyshidrotic Eczema__13intertrigo1219051.png,Dyshidrotic Eczema,35.47
Dyshidrotic Eczema__candidiasis-large-skin-folds-126.png,Dyshidrotic Eczema,35.38
Ringworm__Image_22_png.rf.cc3676e8c1d5465e1cd380b5b3f5f65e.png,Ringworm,35.33
Basal Cell Carcinoma__ISIC_0031585.png,Basal Cell Carcinoma,35.16
Nail Fungus___17_7655_jpg.rf.a810d839f998eb4664edd27d78ef9950.png,Nail Fungus,35.0
Pigmented Benign Keratosis__ISIC_0026378.png,Pigmented Benign Keratosis,34.93
Normal Skin__normal_-4-_jpg.rf.a781d0d97dd987529f38fb2daf0064a5.png,Normal Skin,34.92
Dermato Fibroma__ISIC_0001114.png,Dermato Fibroma,34.09
Nail Fungus___14_3081_jpg.rf.50f88e767c469e645797e7ac79ee1131.png,Nail Fungus,33.88
Dyshidrotic Eczema__candidiasis-large-skin-folds-102.png,Dyshidrotic Eczema,33.87
Ringworm__Image_48_jpg.rf.52b378e9295414db32951fbb2a219d33.png,Ringworm,33.78
Ringworm__29_FU-ringworm-30-_jpg.rf.46be43aa210393d793721660d6e50818.png,Ringworm,33.51
Basal Cell Carcinoma__ISIC_0030964.png,Basal Cell Carcinoma,33.28
Nail Fungus__Image_31_jpg.rf.1f6345e60ec89bd0d045ecd31cff1569.png,Nail Fungus,33.22
Nail Fungus___18_3929_jpg.rf.70a39b25f648a1f185d495b174a56a1a.png,Nail Fungus,33.15
Dyshidrotic Eczema__candida-penis-52.png,Dyshidrotic Eczema,33.12
Melanoma__ISIC_0000022.png,Melanoma,32.8
Normal Skin__normal_-128-_jpg.rf.605ba6490825248cc6f4f41c1a6e504e.png,Normal Skin,32.71
Normal Skin__normal_-239-_jpg.rf.398dd5190afbec2570800ef802466ea6.png,Normal Skin,32.45
Nail Fungus__Image_13_jpg.rf.b2a8c680b677ed88e6ad7759e20b81c6.png,Nail Fungus,31.91
Normal Skin__normal_-160-_jpg.rf.3547d35e2a981424d222d2b8b3c88333.png,Normal Skin,31.89
Chickenpox__44_VI-chickenpox-4-_jpg.rf.626c3405e8eb30b0beefeb6f8d2f6978.png,Chickenpox,31.66
Nail Fungus___14_7110_jpg.rf.34dfa82f613fe1ac33cfc28b246d0c33.png,Nail Fungus,31.51
Actinic Keratosis__ISIC_0032404.png,Actinic Keratosis,31.5
Dermato Fibroma__ISIC_0001130.png,Dermato Fibroma,31.42
Acne__40279_2013_22_Fig4_HTML.png,Acne,31.36
Actinic Keratosis__ISIC_0030280.png,Actinic Keratosis,31.18
Nail Fungus__Image_21_jpg.rf.91dc9e5b8934431f93d932b4aee2cb32.png,Nail Fungus,31.14
Dyshidrotic Eczema__candida-penis-8.png,Dyshidrotic Eczema,31.05
Melanoma__ISIC_0025616.png,Melanoma,30.44
Pigmented Benign Keratosis__ISIC_0024382.png,Pigmented Benign Keratosis,30.42
Actinic Keratosis__ISIC_0026702.png,Actinic Keratosis,30.41
Actinic Keratosis__ISIC_0025696.png,Actinic Keratosis,30.24
Nail Fungus__Image_16_jpg.rf.62436b8890437d8392a2c282086e3098.png,Nail Fungus,30.06
Nevus__ISIC_0000017.png,Nevus,30.03
Pigmented Benign Keratosis__ISIC_0025063.png,Pigmented Benign Keratosis,29.84
Basal Cell Carcinoma__ISIC_0024332.png,Basal Cell Carcinoma,29.76
Melanoma__ISIC_0025268.png,Melanoma,29.75
Basal Cell Carcinoma__ISIC_0026192.png,Basal Cell Carcinoma,29.74
Nail Fungus___18_210_jpg.rf.a090fd7d1436c8c43a94c2a988c2017d.png,Nail Fungus,29.72
Melanoma__ISIC_0000056.png,Melanoma,29.67
Actinic Keratosis__ISIC_0024707.png,Actinic Keratosis,29.62
Squamous Cell Carcinoma__ISIC_0011593.png,Squamous Cell Carcinoma,29.6
Squamous Cell Carcinoma__ISIC_0024372.png,Squamous Cell Carcinoma,29.59
Actinic Keratosis__ISIC_0024763.png,Actinic Keratosis,29.51
Dyshidrotic Eczema__candida-groin-2.png,Dyshidrotic Eczema,29.43
Dyshidrotic Eczema__candidiasis-large-skin-folds-110.png,Dyshidrotic Eczema,29.0
Normal Skin__normal_-49-_jpg.rf.cbc1667cf87ebb5fe3f2841fad3c60cd.png,Normal Skin,29.0
Melanoma__ISIC_0027561.png,Melanoma,28.96
Dyshidrotic Eczema__candida-penis-27.png,Dyshidrotic Eczema,28.78
Dyshidrotic Eczema__candidiasis-diaper-11.png,Dyshidrotic Eczema,28.51
Acne__205841.png,Acne,28.45
Chickenpox__73_VI-chickenpox-6-_jpg.rf.f4d6f5edbd722c816fef441bc6b6a6ff.png,Chickenpox,28.37
Basal Cell Carcinoma__ISIC_0028316.png,Basal Cell Carcinoma,28.25
Acne__2 (12)11.png,Acne,28.2
Acne__2 (12).png,Acne,28.18
Melanoma__ISIC_0027302.png,Melanoma,28.09
Dyshidrotic Eczema__candidiasis-diaper-7.png,Dyshidrotic Eczema,27.87
Acne__2 (8)1.png,Acne,27.74
Acne__2 (8)11.png,Acne,27.74
Acne__2 (52)1.png,Acne,27.71
Acne__2 (52)1 - Copy.png,Acne,27.71
Squamous Cell Carcinoma__ISIC_0024463.png,Squamous Cell Carcinoma,27.7
Actinic Keratosis__ISIC_0025427.png,Actinic Keratosis,27.45
Dyshidrotic Eczema__candidiasis-large-skin-folds-101.png,Dyshidrotic Eczema,27.41
Pigmented Benign Keratosis__ISIC_0026556.png,Pigmented Benign Keratosis,27.38
Acne__a4adb9e50d8636f5ec9ce65269dd92f7.png,Acne,27.26
Melanoma__ISIC_0025195.png,Melanoma,27.12
Nevus__ISIC_0000012.png,Nevus,27.03
Acne__2 (8).png,Acne,26.88
Melanoma__ISIC_0024967.png,Melanoma,26.88
Acne__2 (7).png,Acne,26.73
Acne__2 (52).png,Acne,26.69
Ringworm__83_FU-ringworm-5-_jpeg.rf.05d86e41b1255acd87ee6a3d8e668f66.png,Ringworm,26.56
Nail Fungus__Image_3_jpeg.rf.5e64887bbda8db5f268e1f6e17d4d329.png,Nail Fungus,26.41
Nail Fungus___15_9001_jpg.rf.1cdd48376ffb5c328d723a4e43780c4c.png,Nail Fungus,26.11
Melanoma__ISIC_0000054.png,Melanoma,25.78
Nail Fungus___13_1336_jpg.rf.9afbc6cd061f01ae5e9f74f70522f525.png,Nail Fungus,25.77
Acne__2 (54).png,Acne,25.76
Ringworm__46_FU-ringworm-46-_jpg.rf.e4afe98c325d5ac52c93a5dcf23068a5.png,Ringworm,25.68
Melanoma__ISIC_0025234.png,Melanoma,25.68
Actinic Keratosis__ISIC_0031335.png,Actinic Keratosis,25.65
Melanoma__ISIC_0028442.png,Melanoma,25.59
Acne__2 (54)1 - Copy.png,Acne,25.21
Acne__2 (54)1.png,Acne,25.21
Basal Cell Carcinoma__ISIC_0030594.png,Basal Cell Carcinoma,25.17
Actinic Keratosis__ISIC_0029713.png,Actinic Keratosis,25.1
Dyshidrotic Eczema__03cheilitis05010422.png,Dyshidrotic Eczema,25.05
Pigmented Benign Keratosis__ISIC_0025830.png,Pigmented Benign Keratosis,24.85
Dermato Fibroma__ISIC_0024318.png,Dermato Fibroma,24.78
Dermato Fibroma__ISIC_0024973.png,Dermato Fibroma,24.58
Dyshidrotic Eczema__candidiasis-large-skin-folds-100.png,Dyshidrotic Eczema,24.42
Nail Fungus__Image_34_jpg.rf.2eb50224679cd1a9909b715b7b09df0b.png,Nail Fungus,24.39
Dyshidrotic Eczema__candida-penis-16.png,Dyshidrotic Eczema,24.37
Dyshidrotic Eczema__candida-penis-20.png,Dyshidrotic Eczema,24.33
Squamous Cell Carcinoma__ISIC_0011726.png,Squamous Cell Carcinoma,24.29
Basal Cell Carcinoma__ISIC_0028937.png,Basal Cell Carcinoma,24.28
Dyshidrotic Eczema__13candidaIntertrigo0220061.png,Dyshidrotic Eczema,24.26
Basal Cell Carcinoma__ISIC_0024454.png,Basal Cell Carcinoma,24.23
Nail Fungus__Image_8_jpg.rf.11b5fa1462bb4b1d60750a1fb6498b46.png,Nail Fungus,24.17
Pigmented Benign Keratosis__ISIC_0024412.png,Pigmented Benign Keratosis,24.1
Actinic Keratosis__ISIC_0028231.png,Actinic Keratosis,23.94
Dermato Fibroma__ISIC_0024845.png,Dermato Fibroma,23.93
Melanoma__ISIC_0000049.png,Melanoma,23.9
Melanoma__ISIC_0026735.png,Melanoma,23.86
Basal Cell Carcinoma__ISIC_0024432.png,Basal Cell Carcinoma,23.85
Dyshidrotic Eczema__candidiasis-diaper-10.png,Dyshidrotic Eczema,23.84
Nail Fungus___13_8842_jpg.rf.5f586c9462f109c4baaa96401dba1ffd.png,Nail Fungus,23.56
Acne__2 (51).png,Acne,23.56
Actinic Keratosis__ISIC_0024470.png,Actinic Keratosis,23.53
Pigmented Benign Keratosis__ISIC_0024383.png,Pigmented Benign Keratosis,23.49
Melanoma__ISIC_0029241.png,Melanoma,23.36
Ringworm__99_FU-ringworm-39-_jpg.rf.8491013785f3bce1afc4c61e6f50cb02.png,Ringworm,23.24
Dermato Fibroma__ISIC_0024330.png,Dermato Fibroma,23.13
Actinic Keratosis__ISIC_0032203.png,Actinic Keratosis,23.01
Basal Cell Carcinoma__ISIC_0024411.png,Basal Cell Carcinoma,22.99
Basal Cell Carcinoma__ISIC_0028556.png,Basal Cell Carcinoma,22.98
Dermato Fibroma__ISIC_0025154.png,Dermato Fibroma,22.96
Dermato Fibroma__ISIC_0029578.png,Dermato Fibroma,22.94
Nail Fungus___12_7199_jpg.rf.67653d40590c88f3727bc4a153125a76.png,Nail Fungus,22.82
Actinic Keratosis__ISIC_0024468.png,Actinic Keratosis,22.78
Nail Fungus___10_784_jpg.rf.a6d6aafee661a86c734786ba2ac5462d.png,Nail Fungus,22.77
Dyshidrotic Eczema__candidiasis-diaper-22.png,Dyshidrotic Eczema,22.76
Actinic Keratosis__ISIC_0029930.png,Actinic Keratosis,22.76
Dermato Fibroma__ISIC_0031799.png,Dermato Fibroma,22.57
Actinic Keratosis__ISIC_0030991.png,Actinic Keratosis,22.51
Pigmented Benign Keratosis__ISIC_0025867.png,Pigmented Benign Keratosis,22.41
Dyshidrotic Eczema__candidiasis-diaper-15.png,Dyshidrotic Eczema,22.4
Actinic Keratosis__ISIC_0025637.png,Actinic Keratosis,22.4
Normal Skin__normal_-110-_jpg.rf.75b4bc4f295f4d24934832950394531e.png,Normal Skin,22.31
Actinic Keratosis__ISIC_0027172.png,Actinic Keratosis,22.25
Dyshidrotic Eczema__candidiasis-large-skin-folds-123.png,Dyshidrotic Eczema,22.11
Nail Fungus__Image_18_jpg.rf.ec20b1f2c176a83c5502220ee0ba8111.png,Nail Fungus,22.05
Pigmented Benign Keratosis__ISIC_0024371.png,Pigmented Benign Keratosis,21.82
Basal Cell Carcinoma__ISIC_0029489.png,Basal Cell Carcinoma,21.81
Nail Fungus__Image_38_jpg.rf.2428166e3cd389f0a6fa618aa3afd340.png,Nail Fungus,21.76
Basal Cell Carcinoma__ISIC_0027595.png,Basal Cell Carcinoma,21.74
Nevus__ISIC_0024518.png,Nevus,21.55
Acne__7.png,Acne,21.51
Dyshidrotic Eczema__candidiasis-diaper-24.png,Dyshidrotic Eczema,21.5
Acne__2 (4).png,Acne,21.45
Nail Fungus___0_5445_jpg.rf.1fffa387c3e886611b7510e3ef400a31.png,Nail Fungus,21.27
Pigmented Benign Keratosis__ISIC_0026844.png,Pigmented Benign Keratosis,21.21
Acne__2327210.png,Acne,21.11
Acne__2 (13)1.png,Acne,21.03
Melanoma__ISIC_0027149.png,Melanoma,21.02
Actinic Keratosis__ISIC_0024511.png,Actinic Keratosis,20.69
Pigmented Benign Keratosis__ISIC_0024602.png,Pigmented Benign Keratosis,20.67
Actinic Keratosis__ISIC_0030408.png,Actinic Keratosis,20.6
Melanoma__ISIC_0024864.png,Melanoma,20.54
Ringworm__66_FU-ringworm-62-_jpg.rf.21485d45930c0ded8eff10c58c50639e.png,Ringworm,20.48
Pigmented Benign Keratosis__ISIC_0025746.png,Pigmented Benign Keratosis,20.42
Seborrheic Keratosis__ISIC_0010808.png,Seborrheic Keratosis,20.34
Acne__2 (13)111.png,Acne,20.28
Melanoma__ISIC_0026086.png,Melanoma,20.27
Pigmented Benign Keratosis__ISIC_0025777.png,Pigmented Benign Keratosis,20.23
Acne__12.png,Acne,20.12
Acne__23272101.png,Acne,20.12
Basal Cell Carcinoma__ISIC_0031245.png,Basal Cell Carcinoma,20.0
Nail Fungus___18_8327_jpg.rf.6a45068548b655ceb220d04647c4dcd1.png,Nail Fungus,20.0
Acne__2 (13).png,Acne,19.94
Nevus__ISIC_0000011.png,Nevus,19.92
Dermato Fibroma__ISIC_0027598.png,Dermato Fibroma,19.9
Nail Fungus___0_942_jpg.rf.0490a474ab09ff96979188a3631ae33c.png,Nail Fungus,19.89
Squamous Cell Carcinoma__ISIC_0024329.png,Squamous Cell Carcinoma,19.38
Dermato Fibroma__ISIC_0011433.png,Dermato Fibroma,19.35
Melanoma__ISIC_0026870.png,Melanoma,19.26
Acne__527434_m1.png,Acne,19.12
Acne__527434_m1 - Copy.png,Acne,19.12
Acne__2 (3).png,Acne,19.04
Nail Fungus__Image_26_jpg.rf.2d532131b3f0d86bce1afb43ee356023.png,Nail Fungus,19.02
Actinic Keratosis__ISIC_0025368.png,Actinic Keratosis,19.01
Melanoma__ISIC_0028228.png,Melanoma,18.94
Actinic Keratosis__ISIC_0026212.png,Actinic Keratosis,18.85
Dermato Fibroma__ISIC_0011410.png,Dermato Fibroma,18.75
Acne__2 (3)1.png,Acne,18.47
Actinic Keratosis__ISIC_0024948.png,Actinic Keratosis,18.3
Chickenpox__66_VI-chickenpox-8-_jpg.rf.5b0fb2c4f549d8eeadd67ce9ece9689e.png,Chickenpox,18.2
Nail Fungus___19_2596_jpg.rf.dd9f95eafb509d3a9672dc8056580e8c.png,Nail Fungus,18.19
Melanoma__ISIC_0025800.png,Melanoma,18.03
Basal Cell Carcinoma__ISIC_0024331.png,Basal Cell Carcinoma,18.0
Basal Cell Carcinoma__ISIC_0024345.png,Basal Cell Carcinoma,17.77
Pigmented Benign Keratosis__ISIC_0024422.png,Pigmented Benign Keratosis,17.69
Acne__26.png,Acne,17.67
Actinic Keratosis__ISIC_0027254.png,Actinic Keratosis,17.23
Acne__2 (12)1.png,Acne,17.09
Normal Skin__normal_-136-_jpg.rf.7c14eb76bb24e99a3c4ebf8defa40812.png,Normal Skin,17.07
Nail Fungus__Image_32_jpg.rf.6b6477ad7a56c47ace63978374f7ffbd.png,Nail Fungus,17.01
Nail Fungus___11_2944_jpg.rf.59749bece4ac0211ee2180a142232b85.png,Nail Fungus,16.92
Nail Fungus___11_8230_jpg.rf.7064f7b16d32e744e99ebb00252c146a.png,Nail Fungus,16.9
Ringworm__Image_58_jpg.rf.26559b38a917560072556df951b0da73.png,Ringworm,16.85
Dyshidrotic Eczema__candidiasis-large-skin-folds-133.png,Dyshidrotic Eczema,16.8
Melanoma__ISIC_0027130.png,Melanoma,16.78
Seborrheic Keratosis__ISIC_0010809.png,Seborrheic Keratosis,16.74
Basal Cell Carcinoma__ISIC_0031351.png,Basal Cell Carcinoma,16.68
Actinic Keratosis__ISIC_0027588.png,Actinic Keratosis,16.53
Dyshidrotic Eczema__candidiasis-large-skin-folds-147.png,Dyshidrotic Eczema,16.51
Dyshidrotic Eczema__13CandidaAxillae0712041.png,Dyshidrotic Eczema,16.49
Acne__2 (2).png,Acne,16.46
Squamous Cell Carcinoma__ISIC_0024575.png,Squamous Cell Carcinoma,16.46
Chickenpox__61_VI-chickenpox-24-_jpg.rf.c6beb563b0ee56a857c93f9d496b5b4c.png,Chickenpox,16.24
Pigmented Benign Keratosis__ISIC_0026717.png,Pigmented Benign Keratosis,16.12
Nail Fungus__Image_28_jpg.rf.ad72e7555ee1963f8ef4d0e6014225eb.png,Nail Fungus,16.11
Nevus__ISIC_0024424.png,Nevus,15.84
Dyshidrotic Eczema__actinomycosis-3.png,Dyshidrotic Eczema,15.7
Basal Cell Carcinoma__ISIC_0024472.png,Basal Cell Carcinoma,15.7
Pigmented Benign Keratosis__ISIC_0024409.png,Pigmented Benign Keratosis,15.66
Nail Fungus___0_9676_jpg.rf.951e96371053c9c81c773c233772dbe2.png,Nail Fungus,15.64
Squamous Cell Carcinoma__ISIC_0011750.png,Squamous Cell Carcinoma,15.62
Basal Cell Carcinoma__ISIC_0025031.png,Basal Cell Carcinoma,15.59
Basal Cell Carcinoma__ISIC_0024403.png,Basal Cell Carcinoma,15.49
Actinic Keratosis__ISIC_0031211.png,Actinic Keratosis,15.39
Nail Fungus__Image_24_jpg.rf.856f2c971c3b46c20c60f9d17316cb44.png,Nail Fungus,15.36
Ringworm__Image_44_jpg.rf.de712cfec24f9443f99b61ae7c9a3ddc.png,Ringworm,15.32
Pigmented Benign Keratosis__ISIC_0024338.png,Pigmented Benign Keratosis,15.21
Basal Cell Carcinoma__ISIC_0029546.png,Basal Cell Carcinoma,14.98
Dermato Fibroma__ISIC_0011478.png,Dermato Fibroma,14.97
Nevus__ISIC_0024492.png,Nevus,14.87
Squamous Cell Carcinoma__ISIC_0011751.png,Squamous Cell Carcinoma,14.8
Chickenpox__132_VI-chickenpox-20-_jpg.rf.ae4fb16cdbe6456425419e8fa1d9e955.png,Chickenpox,14.77
Melanoma__ISIC_0027622.png,Melanoma,14.77
Basal Cell Carcinoma__ISIC_0024431.png,Basal Cell Carcinoma,14.45
Dermato Fibroma__ISIC_0011865.png,Dermato Fibroma,14.17
Nail Fungus__Image_36_jpg.rf.98bf7f357ed95102690e761faff6b228.png,Nail Fungus,14.04
Nail Fungus__Image_22_jpg.rf.b5b4bf8fd29cffbae4b94a3c00848d24.png,Nail Fungus,13.74
Ringworm__22_FU-ringworm-13-_jpg.rf.9cc15d3b69727bcd31c4049d9165e515.png,Ringworm,13.73
Basal Cell Carcinoma__ISIC_0024360.png,Basal Cell Carcinoma,13.42
Normal Skin__normal_-229-_jpg.rf.5b588e3e98b4b57361b046b8e2d9024a.png,Normal Skin,13.2
Pigmented Benign Keratosis__ISIC_0024358.png,Pigmented Benign Keratosis,13.18
Normal Skin__normal_-8-_jpg.rf.595adc5be1a1b78693c67e5de27f563d.png,Normal Skin,13.16
Basal Cell Carcinoma__ISIC_0024443.png,Basal Cell Carcinoma,12.9
Pigmented Benign Keratosis__ISIC_0026277.png,Pigmented Benign Keratosis,12.85
Basal Cell Carcinoma__ISIC_0028583.png,Basal Cell Carcinoma,12.63
Pigmented Benign Keratosis__ISIC_0024426.png,Pigmented Benign Keratosis,12.55
Basal Cell Carcinoma__ISIC_0030659.png,Basal Cell Carcinoma,12.45
Nevus__ISIC_0024389.png,Nevus,12.28
Melanoma__ISIC_0000031.png,Melanoma,11.88
Melanoma__ISIC_0000040.png,Melanoma,11.79
Basal Cell Carcinoma__ISIC_0029220.png,Basal Cell Carcinoma,11.71
Squamous Cell Carcinoma__ISIC_0024418.png,Squamous Cell Carcinoma,11.45
Pigmented Benign Keratosis__ISIC_0026728.png,Pigmented Benign Keratosis,11.37
Nevus__ISIC_0024462.png,Nevus,11.13
Squamous Cell Carcinoma__ISIC_0024522.png,Squamous Cell Carcinoma,11.11
Acne__2 (5).png,Acne,11.0
Dermato Fibroma__ISIC_0024994.png,Dermato Fibroma,10.91
Melanoma__ISIC_0026094.png,Melanoma,10.68
Squamous Cell Carcinoma__ISIC_0024562.png,Squamous Cell Carcinoma,10.64
Basal Cell Carcinoma__ISIC_0030352.png,Basal Cell Carcinoma,10.57
Pigmented Benign Keratosis__ISIC_0024408.png,Pigmented Benign Keratosis,10.53
Actinic Keratosis__ISIC_0010512.png,Actinic Keratosis,10.48
Ringworm__2_FU-ringworm-24-_jpg.rf.cdab8385ed6c1b91ca946c138b05de10.png,Ringworm,10.16
Normal Skin__normal_-194-_jpg.rf.c21eb76e2bae0bab3f8d695ae1fb61a9.png,Normal Skin,9.87
Squamous Cell Carcinoma__ISIC_0024579.png,Squamous Cell Carcinoma,9.82
Dermato Fibroma__ISIC_0025594.png,Dermato Fibroma,9.81
Basal Cell Carcinoma__ISIC_0030511.png,Basal Cell Carcinoma,9.75
Ringworm__112_FU-ringworm-1-_jpeg.rf.829045449bcd219e90b4866990fa0e13.png,Ringworm,9.65
Basal Cell Carcinoma__ISIC_0025975.png,Basal Cell Carcinoma,9.57
Dermato Fibroma__ISIC_0024396.png,Dermato Fibroma,9.45
Actinic Keratosis__ISIC_0024654.png,Actinic Keratosis,9.21
Basal Cell Carcinoma__ISIC_0024457.png,Basal Cell Carcinoma,9.1
Basal Cell Carcinoma__ISIC_0024452.png,Basal Cell Carcinoma,8.91
Basal Cell Carcinoma__ISIC_0024436.png,Basal Cell Carcinoma,8.71
Nail Fungus__Image_11_jpg.rf.34eab1325db05196e0f444bda779f562.png,Nail Fungus,8.63
Squamous Cell Carcinoma__ISIC_0024450.png,Squamous Cell Carcinoma,8.27
Acne__1-inst-natural-acne-solutions-36374-150x1501.png,Acne,7.81
Ringworm__14_FU-ringworm-20-_jpg.rf.731d495a3516f8c07036d4c648ff855f.png,Ringworm,7.72
Actinic Keratosis__ISIC_0024517.png,Actinic Keratosis,7.52
Squamous Cell Carcinoma__ISIC_0024517.png,Squamous Cell Carcinoma,7.52
Acne__1-inst-natural-acne-solutions-36374-150x150.png,Acne,7.45
Dermato Fibroma__ISIC_0025903.png,Dermato Fibroma,7.37
Nail Fungus__Image_23_jpg.rf.d6fd5b314e54824b5a3fd22b11e504ae.png,Nail Fungus,7.32
Basal Cell Carcinoma__ISIC_0027786.png,Basal Cell Carcinoma,7.26
Actinic Keratosis__ISIC_0031191.png,Actinic Keratosis,6.52
Normal Skin__normal_-90-_jpg.rf.3a558b7a966aaae3a631664187eecb9e.png,Normal Skin,6.38
Nail Fungus__Image_37_jpg.rf.0fb5f41c22fe9e8563f146810a7dc159.png,Nail Fungus,6.05
Ringworm__49_FU-ringworm-9-_jpeg.rf.2c2261ae24182cdfcf8e4db644d9a5fe.png,Ringworm,5.99
Nevus__ISIC_0024326.png,Nevus,5.96
Seborrheic Keratosis__ISIC_0010803.png,Seborrheic Keratosis,5.76
Nail Fungus__Image_5_jpg.rf.6caeea36b3fde655206c6eca62ba5c92.png,Nail Fungus,5.75
Basal Cell Carcinoma__ISIC_0031298.png,Basal Cell Carcinoma,5.7
Nail Fungus___16_7935_jpg.rf.dce0d2de1ccb72aa2a229ab1e03725bb.png,Nail Fungus,4.84
Nevus__ISIC_0000005.png,Nevus,4.79
Nail Fungus___16_3189_jpg.rf.7af0bd9d0b8160416f44153ab54ca275.png,Nail Fungus,4.63
Basal Cell Carcinoma__ISIC_0026074.png,Basal Cell Carcinoma,4.49
Actinic Keratosis__ISIC_0024913.png,Actinic Keratosis,4.3
Basal Cell Carcinoma__ISIC_0027631.png,Basal Cell Carcinoma,4.25
Nevus__ISIC_0024393.png,Nevus,4.15
Actinic Keratosis__ISIC_0024771.png,Actinic Keratosis,4.11
Ringworm__102_FU-ringworm-64-_jpg.rf.305bf400636f71e240f75af92919a01c.png,Ringworm,4.04
Basal Cell Carcinoma__ISIC_0024461.png,Basal Cell Carcinoma,3.87
Actinic Keratosis__ISIC_0025948.png,Actinic Keratosis,3.85
Melanoma__ISIC_0028709.png,Melanoma,3.61
Melanoma__ISIC_0027552.png,Melanoma,3.48
Actinic Keratosis__ISIC_0024800.png,Actinic Keratosis,3.28
Melanoma__ISIC_0029502.png,Melanoma,2.8
Nevus__ISIC_0024580.png,Nevus,2.67
Vascular Lesion__ISIC_0024402.png,Vascular Lesion,2.5
Vascular Lesion__ISIC_0029439.png,Vascular Lesion,2.49
Nevus__ISIC_0024399.png,Nevus,2.49
Normal Skin__normal_-132-_jpg.rf.55216afa36e38ed1245eda990600726c.png,Normal Skin,2.45
Vascular Lesion__ISIC_0028885.png,Vascular Lesion,2.39
Dermato Fibroma__ISIC_0024553.png,Dermato Fibroma,2.13
Dermato Fibroma__ISIC_0028651.png,Dermato Fibroma,1.94
Pigmented Benign Keratosis__ISIC_0024850.png,Pigmented Benign Keratosis,1.52
Ringworm__Image_12_jpg.rf.27fe625ec91c7139cdcf77abdaa070c6.png,Ringworm,1.32
Nevus__ISIC_0024364.png,Nevus,0.61
Pigmented Benign Keratosis__ISIC_0027027.png,Pigmented Benign Keratosis,0.54
Nevus__ISIC_0024569.png,Nevus,0.54
Nevus__ISIC_0024521.png,Nevus,0.41
Vascular Lesion__ISIC_0024375.png,Vascular Lesion,0.38
Nevus__ISIC_0024502.png,Nevus,0.31
Normal Skin__normal_-168-_jpg.rf.76f326849d73806e9e70d145bce6f03c.png,Normal Skin,0.26
Nevus__ISIC_0024506.png,Nevus,0.11
Vascular Lesion__ISIC_0025612.png,Vascular Lesion,0.09
Nevus__ISIC_0024354.png,Nevus,0.07
Vascular Lesion__ISIC_0025707.png,Vascular Lesion,0.06
Nevus__ISIC_0024487.png,Nevus,0.05
Nevus__ISIC_0024334.png,Nevus,0.04
Nevus__ISIC_0024327.png,Nevus,0.02
Pigmented Benign Keratosis__ISIC_0024337.png,Pigmented Benign Keratosis,0.02
Vascular Lesion__ISIC_0024370.png,Vascular Lesion,0.01
Vascular Lesion__ISIC_0026490.png,Vascular Lesion,0.01
Vascular Lesion__ISIC_0025452.png,Vascular Lesion,0.0
Vascular Lesion__ISIC_0024706.png,Vascular Lesion,0.0
Nevus__ISIC_0024478.png,Nevus,0.0
Nevus__ISIC_0024528.png,Nevus,0.0
Normal Skin__normal_-38-_jpg.rf.bc368d4f109c560e64e35722144b47bb.png,Normal Skin,0.0
Nevus__ISIC_0024542.png,Nevus,0.0
Nevus__ISIC_0024558.png,Nevus,0.0
Ringworm__57_FU-ringworm-27-_jpg.rf.c1b3afca657b0c7e89c5373ce2138863.png,Ringworm,0.0
Vascular Lesion__ISIC_0028680.png,Vascular Lesion,0.0
Vascular Lesion__ISIC_0027563.png,Vascular Lesion,0.0
Vascular Lesion__ISIC_0031201.png,Vascular Lesion,0.0
Vascular Lesion__ISIC_0032409.png,Vascular Lesion,0.0
