epoch,time,train/loss,metrics/accuracy_top1,metrics/accuracy_top5,val/loss,lr/pg0,lr/pg1,lr/pg2
1,363.491,0.78421,0.8357,0.98736,0.52108,0.000333103,0.000333103,0.0670228
2,728.647,0.57791,0.7841,0.98526,0.65342,0.000649942,0.000649942,0.0340063
3,1093.83,0.50624,0.79094,0.97367,0.76554,0.000950281,0.000950281,0.000973301
4,1452,0.459,0.79358,0.92944,1.24534,0.00092575,0.00092575,0.00092575
5,1803.38,0.40869,0.81201,0.97578,0.77982,0.000901,0.000901,0.000901
6,2147.94,0.37168,0.83834,0.96735,0.70327,0.00087625,0.00087625,0.00087625
7,2492.28,0.3497,0.85255,0.97894,0.68862,0.0008515,0.0008515,0.0008515
8,2831.16,0.3256,0.83676,0.94839,0.95541,0.00082675,0.00082675,0.00082675
9,3166.38,0.31121,0.85045,0.9763,0.66342,0.000802,0.000802,0.000802
10,3499.91,0.29852,0.87362,0.98526,0.61436,0.00077725,0.00077725,0.00077725
11,3831.11,0.28077,0.89152,0.98631,0.54751,0.0007525,0.0007525,0.0007525
12,4167.47,0.25919,0.87046,0.98473,0.65903,0.00072775,0.00072775,0.00072775
13,4514.58,0.25545,0.88152,0.98315,0.63741,0.000703,0.000703,0.000703
14,4855.65,0.23447,0.88573,0.98684,0.56757,0.00067825,0.00067825,0.00067825
15,5209.44,0.22432,0.88152,0.9842,0.62283,0.0006535,0.0006535,0.0006535
16,5561.38,0.2098,0.87678,0.98578,0.64694,0.00062875,0.00062875,0.00062875
17,5908.54,0.20799,0.88626,0.98736,0.56621,0.000604,0.000604,0.000604
18,6254.15,0.19631,0.88678,0.98789,0.54929,0.00057925,0.00057925,0.00057925
19,6600.15,0.18456,0.89521,0.99105,0.54404,0.0005545,0.0005545,0.0005545
20,6950.72,0.17554,0.89468,0.99052,0.55244,0.00052975,0.00052975,0.00052975
21,7304.12,0.17054,0.89573,0.99052,0.55497,0.000505,0.000505,0.000505
22,7655.86,0.16158,0.89784,0.98947,0.55064,0.00048025,0.00048025,0.00048025
23,8008.84,0.15591,0.89784,0.98894,0.55301,0.0004555,0.0004555,0.0004555
24,8357.44,0.14539,0.89784,0.98841,0.56088,0.00043075,0.00043075,0.00043075
25,8723.01,0.14031,0.89942,0.98736,0.559,0.000406,0.000406,0.000406
26,9076.9,0.12879,0.901,0.98841,0.55571,0.00038125,0.00038125,0.00038125
27,9434.1,0.12616,0.90047,0.98841,0.56626,0.0003565,0.0003565,0.0003565
28,9784.93,0.11809,0.89995,0.98947,0.57492,0.00033175,0.00033175,0.00033175
29,10133.5,0.1111,0.901,0.99105,0.56878,0.000307,0.000307,0.000307
30,10489.1,0.10844,0.901,0.99157,0.57825,0.00028225,0.00028225,0.00028225
31,10858.6,0.1026,0.90153,0.99157,0.57471,0.0002575,0.0002575,0.0002575
32,11224.3,0.09723,0.901,0.99157,0.574,0.00023275,0.00023275,0.00023275
33,11583.5,0.09362,0.89995,0.9921,0.57558,0.000208,0.000208,0.000208
34,11940.4,0.08822,0.90311,0.9921,0.58203,0.00018325,0.00018325,0.00018325
35,12302.6,0.0829,0.90258,0.9921,0.57342,0.0001585,0.0001585,0.0001585
36,12665.7,0.07849,0.90311,0.9921,0.57221,0.00013375,0.00013375,0.00013375
37,13028.8,0.07536,0.90311,0.99263,0.57418,0.000109,0.000109,0.000109
38,13391.3,0.07216,0.90311,0.99263,0.57806,8.425e-05,8.425e-05,8.425e-05
39,13752.9,0.06739,0.90258,0.99315,0.5748,5.95e-05,5.95e-05,5.95e-05
40,14112,0.06412,0.901,0.99315,0.58768,3.475e-05,3.475e-05,3.475e-05
