epoch,time,train/box_loss,train/cls_loss,train/l1_loss,metrics/precision(B),metrics/recall(B),metrics/mAP50(B),metrics/mAP50-95(B),val/box_loss,val/cls_loss,val/l1_loss,lr/pg0,lr/pg1,lr/pg2
1,920.942,1.09054,3.29576,0.01684,0.27719,0.12807,0.12037,0.07833,1.29699,4.35543,0.02746,0.000333103,0.000333103,0.0670228
2,1576.82,1.04397,2.44569,0.0161,0.33979,0.26631,0.23335,0.15921,1.08043,2.26688,0.02184,0.000644444,0.000644444,0.0340008
3,2228.39,1.01771,2.18686,0.01573,0.49332,0.40805,0.35978,0.23926,1.04644,1.88776,0.02104,0.000933785,0.000933785,0.000956805
4,2884.95,1.00785,2.05056,0.01557,0.37666,0.41515,0.34559,0.23092,1.13127,1.88026,0.02321,0.000901,0.000901,0.000901
5,3525.61,0.97976,1.95927,0.01514,0.3283,0.44899,0.35975,0.26138,0.96995,1.70097,0.01931,0.000868,0.000868,0.000868
6,4170.55,0.95659,1.89205,0.01471,0.36864,0.47963,0.39613,0.28308,0.9329,1.52758,0.01867,0.000835,0.000835,0.000835
7,4813.27,0.94376,1.8289,0.01443,0.47358,0.45098,0.44897,0.33627,0.89148,1.4669,0.01754,0.000802,0.000802,0.000802
8,5452.94,0.92634,1.78285,0.01405,0.37845,0.53403,0.44014,0.32989,0.86104,1.44926,0.01671,0.000769,0.000769,0.000769
9,6092.47,0.91545,1.74725,0.0139,0.50871,0.48264,0.48665,0.37253,0.83076,1.38668,0.01613,0.000736,0.000736,0.000736
10,6739.21,0.90225,1.71727,0.01364,0.45429,0.52002,0.5119,0.39007,0.80729,1.30084,0.01559,0.000703,0.000703,0.000703
11,7377.55,0.88995,1.68136,0.01345,0.44771,0.56084,0.50194,0.39016,0.78792,1.28594,0.0151,0.00067,0.00067,0.00067
12,8016.39,0.87987,1.6637,0.01321,0.50911,0.52981,0.52964,0.41317,0.77239,1.28694,0.01479,0.000637,0.000637,0.000637
13,8716.62,0.86551,1.62359,0.01296,0.4798,0.55856,0.52439,0.40963,0.75899,1.26114,0.01441,0.000604,0.000604,0.000604
14,9354.86,0.85337,1.60481,0.01286,0.53542,0.58784,0.55969,0.43601,0.74789,1.23473,0.01416,0.000571,0.000571,0.000571
15,10011.1,0.85062,1.57801,0.01269,0.52937,0.59162,0.5608,0.4401,0.74293,1.23498,0.01416,0.000538,0.000538,0.000538
16,10649.5,0.83894,1.56041,0.01246,0.47555,0.59048,0.56669,0.44274,0.73268,1.20905,0.01383,0.000505,0.000505,0.000505
17,11287.8,0.83057,1.53769,0.01234,0.49279,0.60209,0.55818,0.43949,0.73295,1.20051,0.01387,0.000472,0.000472,0.000472
18,11924.7,0.82155,1.5223,0.01223,0.50876,0.60424,0.56116,0.44274,0.72821,1.20301,0.01378,0.000439,0.000439,0.000439
19,12563,0.81392,1.50079,0.01207,0.51046,0.58971,0.56517,0.44589,0.72442,1.19044,0.01367,0.000406,0.000406,0.000406
20,13293.8,0.80809,1.48434,0.01197,0.53332,0.56008,0.56475,0.44653,0.71803,1.18192,0.01359,0.000373,0.000373,0.000373
21,13921.5,0.83786,1.28576,0.0157,0.50279,0.61109,0.56426,0.45043,0.70604,1.1789,0.01322,0.00034,0.00034,0.00034
22,14517.9,0.81397,1.23136,0.01511,0.52318,0.6058,0.57208,0.45554,0.69254,1.18327,0.01295,0.000307,0.000307,0.000307
23,15101.2,0.79291,1.19076,0.01456,0.52062,0.61869,0.57552,0.45822,0.68575,1.18429,0.01275,0.000274,0.000274,0.000274
24,15682.3,0.77856,1.16666,0.01423,0.52268,0.61128,0.57935,0.46224,0.68226,1.17396,0.01266,0.000241,0.000241,0.000241
25,16264.1,0.7699,1.14029,0.01402,0.52864,0.60805,0.58428,0.46653,0.67872,1.16616,0.01258,0.000208,0.000208,0.000208
26,16848,0.75668,1.11532,0.01374,0.52511,0.61878,0.58619,0.47013,0.67712,1.15993,0.01254,0.000175,0.000175,0.000175
27,17432.4,0.7448,1.09971,0.01355,0.52426,0.62871,0.58448,0.4688,0.67272,1.15562,0.01245,0.000142,0.000142,0.000142
28,18017.1,0.73728,1.08033,0.01331,0.52034,0.63504,0.58739,0.47063,0.67136,1.14668,0.01243,0.000109,0.000109,0.000109
29,18603.2,0.72966,1.06875,0.01319,0.52062,0.63512,0.58923,0.47406,0.66932,1.14028,0.01237,7.6e-05,7.6e-05,7.6e-05
30,19189.7,0.7199,1.05767,0.01298,0.5261,0.63201,0.5909,0.47686,0.66807,1.13738,0.01233,4.3e-05,4.3e-05,4.3e-05
